Device,Device Group,First Name,Device ID,User ID,Last Name,Driver,Driver Group,Depart Date,Start Date,Start During Work Hours,Driving Duration,Stop Date,Stop During Work Hours,Distance,Stop Duration,Origin,Destination,Stop Zone Types,Idling Duration,Maximum Speed,Start of Trip Engine Hours,End of Trip Engine Hours,Linked Assets
C 3493,"Vehicle, Diesel, Daily Reports",0,b6,0,0,0,0,46272.30706,46272.30706,FALSE,0.001155938,46272.30822,FALSE,0.033395797,0.020544711,"49PV+JC5, Barbados, 117827,Lennox Alexander: Highway 2, Barbados","49PV+JC5, Barbados: 1st Avenue Lowland Drive, Barbados",Customer Zone,4.62963E-05,3,235.6291667,235.6291667,0
C 3493,"Vehicle, Diesel, Daily Reports",0,b6,0,0,0,0,46272.32876,46272.32876,FALSE,0.000415938,46272.32918,FALSE,0.036735371,0.007338692,"49PV+JC5, Barbados: 1st Avenue Lowland Drive, Barbados","49PV+JC5, Barbados, SMJ Barbados Head Office: 1st Avenue Lowland Drive, Barbados","Customer Zone, Office Zone",0.000138889,0,235.6291667,235.6333333,0
C 3493,"Vehicle, Diesel, Daily Reports",0,b6,0,0,0,0,46272.33652,46272.33652,TRUE,0.005624271,46272.34214,TRUE,1.100342035,0.032268519,"49PV+JC5, Barbados, SMJ Barbados Head Office: 1st Avenue Lowland Drive, Barbados","Warrens, Barbados",0,0.032268519,44,235.6333333,235.6712156,0
C 3493,"Vehicle, Diesel, Daily Reports",0,b6,0,0,0,0,46272.37441,46272.37441,TRUE,0.002175926,46272.37659,TRUE,0.919378757,0.017037037,"Warrens, Barbados","49PV+JC5, Barbados: 1st Avenue Lowland Drive, Barbados",Customer Zone,0.017037037,52,235.6712156,235.6896754,0
C 3493,"Vehicle, Diesel, Daily Reports",0,b6,0,0,0,0,46272.39362,46272.39362,TRUE,0.003125,46272.39675,TRUE,1.033724427,0.004583333,"49PV+JC5, Barbados: 1st Avenue Lowland Drive, Barbados","Warrens, Barbados",0,0.004583333,44,235.6896754,235.6981476,0
C 3493,"Vehicle, Diesel, Daily Reports",0,b6,0,0,0,0,46272.40133,46272.40133,TRUE,0.002662037,46272.40399,TRUE,1.068529248,0.01181713,"Warrens, Barbados","Warrens Industrial Park Dr, Barbados",0,0.01181713,59,235.6981476,235.7115735,0
C 3493,"Vehicle, Diesel, Daily Reports",0,b6,0,0,0,0,46272.41581,46272.41581,TRUE,0.003101852,46272.41891,TRUE,0.116420709,0.022037037,"Warrens Industrial Park Dr, Barbados","Highway 2, Saint Michael Barbados",0,0.022037037,9,235.7115735,235.7367011,0
C 3493,"Vehicle, Diesel, Daily Reports",0,b6,0,0,0,0,46272.44095,46272.44095,TRUE,0.00494213,46272.44589,TRUE,3.386068344,0.004606481,"Highway 2, Saint Michael Barbados","Hwy 3A, Jackmans, Barbados",0,0.004606481,79,235.7367011,235.7473145,0
C 3493,"Vehicle, Diesel, Daily Reports",0,b6,0,0,0,0,46272.4505,46272.4505,TRUE,0.001770833,46272.45227,TRUE,0.536996782,0.006608796,"Hwy 3A, Jackmans, Barbados","4CJ4+5JC, Highway 3, Jackmans, Barbados",0,0.006608796,57,235.7473145,235.7556942,0
C 3493,"Vehicle, Diesel, Daily Reports",0,b6,0,0,0,0,46272.45888,46272.45888,TRUE,0.000775463,46272.45965,TRUE,0.036273401,0.006030093,"4CJ4+5JC, Highway 3, Jackmans, Barbados","Hwy 3A, Jackmans, Barbados",0,0.006030093,7,235.7556942,235.7624997,0
C 3493,"Vehicle, Diesel, Daily Reports",0,b6,0,0,0,0,46272.46568,46272.46568,TRUE,0.003368056,46272.46905,TRUE,2.107791185,0.009259259,"Hwy 3A, Jackmans, Barbados","#4 Dayrells Commercial Park, Lears Rd, Saint Michael Barbados",0,0.009259259,61,235.7624997,235.775127,0
C 3493,"Vehicle, Diesel, Daily Reports",0,b6,0,0,0,0,46272.47831,46272.47831,TRUE,0.003055556,46272.48137,TRUE,1.736943007,0.002349537,"#4 Dayrells Commercial Park, Lears Rd, Saint Michael Barbados","Lot #19 Lears Business Park, Lears Rd, Saint Michael Barbados",0,0.002349537,70,235.775127,235.7805321,0
C 3493,"Vehicle, Diesel, Daily Reports",0,b6,0,0,0,0,46272.48372,46272.48372,TRUE,0.006400463,46272.49012,TRUE,5.747075081,0.017222222,"Lot #19 Lears Business Park, Lears Rd, Saint Michael Barbados","Highway 3, Belair, Barbados",0,0.017222222,66,235.7805321,235.8041551,0
C 3493,"Vehicle, Diesel, Daily Reports",0,b6,0,0,0,0,46272.50734,46272.50734,TRUE,0.006747685,46272.51409,TRUE,5.231904984,0.016041667,"Highway 3, Belair, Barbados","Highway 3B, Barbados",0,0.016041667,83,235.8041551,235.8269444,0
C 3493,"Vehicle, Diesel, Daily Reports",0,b6,0,0,0,0,46272.53013,46272.53013,TRUE,0.00431713,46272.53444,TRUE,4.909158707,0.032094907,"Highway 3B, Barbados","116542,newbury mini mart: Unnamed Road, Barbados",Customer Zone,0.032094907,77,235.8269444,235.8633564,0
C 3493,"Vehicle, Diesel, Daily Reports",0,b6,0,0,0,0,46272.56654,46272.56654,TRUE,0.004363426,46272.5709,TRUE,2.755127907,0.008043981,"116542,newbury mini mart: Unnamed Road, Barbados","111287,St. Judes Primary: Wilkinson Road, Prerogative, Barbados",Customer Zone,0.008043981,59,235.8633564,235.8757639,0
C 3493,"Vehicle, Diesel, Daily Reports",0,b6,0,0,0,0,46272.57895,46272.57895,TRUE,0.006412037,46272.58536,TRUE,5.294834137,0.014988426,"111287,St. Judes Primary: Wilkinson Road, Prerogative, Barbados","4FM8+MG Waverley Cot, Barbados",0,0.014988426,79,235.8757639,235.8971643,0
C 3493,"Vehicle, Diesel, Daily Reports",0,b6,0,0,0,0,46272.60035,46272.60035,TRUE,0.003171296,46272.60352,TRUE,0.636153042,0.002291667,"4FM8+MG Waverley Cot, Barbados","Highway 4, Waverley Cot, Saint George Barbados",0,0.002291667,52,235.8971643,235.9026273,0
C 3493,"Vehicle, Diesel, Daily Reports",0,b6,0,0,0,0,46272.60581,46272.60581,TRUE,0.00755787,46272.61337,TRUE,6.269744396,0.003229167,"Highway 4, Waverley Cot, Saint George Barbados","Unnamed Road, Workmans, Barbados",0,0.003229167,81,235.9026273,235.9134143,0
C 3493,"Vehicle, Diesel, Daily Reports",0,b6,0,0,0,0,46272.6166,46272.6166,TRUE,0.000358796,46272.61696,TRUE,0.027325541,0.00693287,"Unnamed Road, Workmans, Barbados","4FR2+7CC, Workmans, Barbados",0,0.00693287,5,235.9134143,235.920706,0
C 3493,"Vehicle, Diesel, Daily Reports",0,b6,0,0,0,0,46272.62389,46272.62389,TRUE,0.003344907,46272.62723,TRUE,1.196419001,0.010196759,"4FR2+7CC, Workmans, Barbados","Taitt Hill, Barbados",0,0.010196759,61,235.920706,235.9332176,0
C 3493,"Vehicle, Diesel, Daily Reports",0,b6,0,0,0,0,46272.63743,46272.63743,TRUE,0.005833333,46272.64326,TRUE,3.736563206,0.01943287,"Taitt Hill, Barbados","Monroe Rd, Bridgetown, Barbados",0,0.01943287,96,235.9332176,235.9595139,0
C 3493,"Vehicle, Diesel, Daily Reports",0,b6,0,0,0,0,46272.6627,46272.6627,TRUE,0.003611111,46272.66631,TRUE,3.403391361,0.004583333,"Monroe Rd, Bridgetown, Barbados","115762,Marway Bar and Restaurant, 111202,SOL CHARLES ROWE BRIDGE: 4CJJ+27 Froster Hall, Barbados",Customer Zone,0.004583333,70,235.9595139,235.9677083,0
C 3493,"Vehicle, Diesel, Daily Reports",0,b6,0,0,0,0,46272.67089,46272.67089,TRUE,0.007789352,46272.67868,TRUE,2.974578857,0.003506944,"115762,Marway Bar and Restaurant, 111202,SOL CHARLES ROWE BRIDGE: 4CJJ+27 Froster Hall, Barbados","#4 Dayrells Commercial Park, Lears Rd, Saint Michael Barbados",0,0.003506944,66,235.9677083,235.9790046,0
C 3493,"Vehicle, Diesel, Daily Reports",0,b6,0,0,0,0,46272.68219,46272.68219,TRUE,0.008668981,46272.69086,TRUE,4.312698841,0.098310914,"#4 Dayrells Commercial Park, Lears Rd, Saint Michael Barbados","49PV+JC5, Barbados, SMJ Barbados Head Office: 1st Avenue Lowland Drive, Barbados","Customer Zone, Office Zone",0.001597222,72,235.9790046,235.9875,0
C 3493,"Vehicle, Diesel, Daily Reports",0,b6,0,0,0,0,46272.78917,46272.78917,FALSE,0.000485382,46272.78965,FALSE,0.019924732,0.023009988,"49PV+JC5, Barbados, SMJ Barbados Head Office: 1st Avenue Lowland Drive, Barbados","49PV+JC5, Barbados: 1st Avenue Lowland Drive, Barbados",Customer Zone,0.000902778,0,235.9875,235.9875,0
C 3493,"Vehicle, Diesel, Daily Reports",0,b6,0,0,0,0,46272.81266,46272.81266,FALSE,0.00144603,46272.81411,FALSE,0.04654872,0.471632674,"49PV+JC5, Barbados: 1st Avenue Lowland Drive, Barbados","49PV+JC5, Barbados: Highway 2, Barbados",Customer Zone,0.000127315,11,235.9875,235.9916667,0
C 3493,"Vehicle, Diesel, Daily Reports",0,b6,0,0,0,0,46273.28574,46273.28574,FALSE,0.000797882,46273.28654,FALSE,0.024605386,0.004850266,"49PV+JC5, Barbados: Highway 2, Barbados","49PV+JC5, Barbados: 1st Avenue Lowland Drive, Barbados",Customer Zone,0.002106481,3,235.9916667,235.9916667,0
C 3493,"Vehicle, Diesel, Daily Reports",0,b6,0,0,0,0,46273.29139,46273.29139,FALSE,0.000589549,46273.29198,FALSE,0.043433234,0.05212963,"49PV+JC5, Barbados: 1st Avenue Lowland Drive, Barbados","49PV+JC5, Barbados, SMJ Barbados Head Office: 1st Avenue Lowland Drive, Barbados","Customer Zone, Office Zone",0.005300926,5,235.9916667,236.0008083,0
C 3493,"Vehicle, Diesel, Daily Reports",0,b6,0,0,0,0,46273.34411,46273.34411,TRUE,0.0234375,46273.36755,TRUE,5.282673359,0.008020833,"49PV+JC5, Barbados, SMJ Barbados Head Office: 1st Avenue Lowland Drive, Barbados","110518,Hindsbury Primary: Hamlet Road, Bridgetown, Barbados",Customer Zone,0.008020833,50,236.0008083,236.0322666,0
C 3493,"Vehicle, Diesel, Daily Reports",0,b6,0,0,0,0,46273.37557,46273.37557,TRUE,0.009409722,46273.38498,TRUE,2.207590342,0.003854167,"110518,Hindsbury Primary: Hamlet Road, Bridgetown, Barbados","39RR+RR4, Ladymeade Gardens, Bridgetown, Saint Michael Barbados",0,0.003854167,66,236.0322666,236.0455321,0
C 3493,"Vehicle, Diesel, Daily Reports",0,b6,0,0,0,0,46273.38883,46273.38883,TRUE,0.007060185,46273.39589,TRUE,2.503163815,0.005474537,"39RR+RR4, Ladymeade Gardens, Bridgetown, Saint Michael Barbados","492J+GPV, Masonhall St, Bridgetown, Saint Michael Barbados",0,0.005474537,52,236.0455321,236.0569442,0
C 3493,"Vehicle, Diesel, Daily Reports",0,b6,0,0,0,0,46273.40137,46273.40137,TRUE,0.014409722,46273.41578,TRUE,4.11583662,0.006886574,"492J+GPV, Masonhall St, Bridgetown, Saint Michael Barbados","494J+C5H, Westbury Rd, Bridgetown, Saint Michael Barbados",0,0.006886574,50,236.0569442,236.0793628,0
C 3493,"Vehicle, Diesel, Daily Reports",0,b6,0,0,0,0,46273.42266,46273.42266,TRUE,0.006134259,46273.4288,TRUE,3.154304504,0.006631944,"494J+C5H, Westbury Rd, Bridgetown, Saint Michael Barbados","49GF+HG2, Black Rock Main Rd, Bridgetown, Saint Michael Barbados",0,0.006631944,57,236.0793628,236.0912263,0
C 3493,"Vehicle, Diesel, Daily Reports",0,b6,0,0,0,0,46273.43543,46273.43543,TRUE,0.002465278,46273.43789,TRUE,1.06096375,0.012766204,"49GF+HG2, Black Rock Main Rd, Bridgetown, Saint Michael Barbados","Free Hill Crescent, 49JF+MG5, Free Hill Rd, Bridgetown, Barbados",0,0.012766204,46,236.0912263,236.1073605,0
C 3493,"Vehicle, Diesel, Daily Reports",0,b6,0,0,0,0,46273.45066,46273.45066,TRUE,0.00400463,46273.45466,TRUE,1.377199769,0.010324074,"Free Hill Crescent, 49JF+MG5, Free Hill Rd, Bridgetown, Barbados","St Stephens Hill Rd, Barbados",0,0.010324074,37,236.1073605,236.1216898,0
C 3493,"Vehicle, Diesel, Daily Reports",0,b6,0,0,0,0,46273.46499,46273.46499,TRUE,0.005439815,46273.47043,TRUE,3.453576565,0.032534722,"St Stephens Hill Rd, Barbados","Prior Park Rd, Barbados",0,0.032534722,65,236.1216898,236.1585416,0
C 3493,"Vehicle, Diesel, Daily Reports",0,b6,0,0,0,0,46273.50296,46273.50296,TRUE,0.00849537,46273.51146,TRUE,6.169656277,0.056006944,"Prior Park Rd, Barbados","111980,HOME IMPROVEMENT HARDWARE AND SUPPLIES: 49MV+JQW, Friendship, Barbados",Customer Zone,0.056006944,76,236.1585416,236.2241661,0
C 3493,"Vehicle, Diesel, Daily Reports",0,b6,0,0,0,0,46273.56747,46273.56747,TRUE,0.010092593,46273.57756,TRUE,5.333332062,0.021828704,"111980,HOME IMPROVEMENT HARDWARE AND SUPPLIES: 49MV+JQW, Friendship, Barbados","39XG+VXJ, Bridgetown, Barbados",0,0.021828704,66,236.2241661,236.2560875,0
C 3493,"Vehicle, Diesel, Daily Reports",0,b6,0,0,0,0,46273.59939,46273.59939,TRUE,0.004456019,46273.60384,TRUE,2.08142972,0.019409722,"39XG+VXJ, Bridgetown, Barbados","497P+88P, Bridgetown, Saint Michael Barbados",0,0.019409722,74,236.2560875,236.2788768,0
C 3493,"Vehicle, Diesel, Daily Reports",0,b6,0,0,0,0,46273.62325,46273.62325,TRUE,0.007743056,46273.631,TRUE,2.032927752,0.033368056,"497P+88P, Bridgetown, Saint Michael Barbados","110118,INDEX ENTERPRISES: 19 Roebuck St, Bridgetown, Barbados",Customer Zone,0.033368056,52,236.2788768,236.320243,0
C 3493,"Vehicle, Diesel, Daily Reports",0,b6,0,0,0,0,46273.66436,46273.66436,TRUE,0.003252315,46273.66762,TRUE,0.728878021,0.006898148,"110118,INDEX ENTERPRISES: 19 Roebuck St, Bridgetown, Barbados","Highway 7, Bridgetown BB11045, Barbados",0,0.006898148,37,236.320243,236.3312152,0
C 3493,"Vehicle, Diesel, Daily Reports",0,b6,0,0,0,0,46273.67451,46273.67451,TRUE,0.00400463,46273.67852,TRUE,0.961596549,0.002523148,"Highway 7, Bridgetown BB11045, Barbados","James St, Bridgetown, Barbados",0,0.002523148,44,236.3312152,236.337743,0
C 3493,"Vehicle, Diesel, Daily Reports",0,b6,0,0,0,0,46273.68104,46273.68104,TRUE,0.011168981,46273.69221,TRUE,1.272974849,0.013252315,"James St, Bridgetown, Barbados","10-14 Broad St, Bridgetown, Barbados",0,0.013252315,48,236.337743,236.3621643,0
C 3493,"Vehicle, Diesel, Daily Reports",0,b6,0,0,0,0,46273.70546,46273.70546,TRUE,0.025625,46273.73109,FALSE,6.110306263,0.008947488,"10-14 Broad St, Bridgetown, Barbados","49PV+JC5, Barbados, SMJ Barbados Head Office: 1st Avenue Lowland Drive, Barbados","Customer Zone, Office Zone",0.002604167,65,236.3621643,236.3875,0
C 3493,"Vehicle, Diesel, Daily Reports",0,b6,0,0,0,0,46273.74004,46273.74004,FALSE,0.000473808,46273.74051,FALSE,0.018115265,0.022026192,"49PV+JC5, Barbados, SMJ Barbados Head Office: 1st Avenue Lowland Drive, Barbados","49PV+JC5, Barbados: 1st Avenue Lowland Drive, Barbados",Customer Zone,0.000104167,0,236.3875,236.3875,0
C 3493,"Vehicle, Diesel, Daily Reports",0,b6,0,0,0,0,46273.76254,46273.76254,FALSE,0.000959919,46273.7635,FALSE,0.190223798,0.499989155,"49PV+JC5, Barbados: 1st Avenue Lowland Drive, Barbados","49PV+JC5, Barbados, 117234,Hannah Moore: Highway 2, Barbados",Customer Zone,0.000439815,28,236.3875,236.3916667,0
C 3493,"Vehicle, Diesel, Daily Reports",0,b6,0,0,0,0,46274.26348,46274.26348,FALSE,0.00045213,46274.26394,FALSE,0.03921546,0.057625833,"49PV+JC5, Barbados, 117234,Hannah Moore: Highway 2, Barbados","49PV+JC5, Barbados: 1st Avenue Lowland Drive, Barbados",Customer Zone,0.004710648,0,236.3916667,236.3963889,0
C 3493,"Vehicle, Diesel, Daily Reports",0,b6,0,0,0,0,46274.32156,46274.32156,FALSE,0.017719907,46274.33928,TRUE,4.326865673,0.026550926,"49PV+JC5, Barbados: 1st Avenue Lowland Drive, Barbados","100246,WESTBURY PRIMARY: Westbury Rd, Bridgetown, Barbados",Customer Zone,0.026550926,61,236.3963889,236.4406595,0
C 3493,"Vehicle, Diesel, Daily Reports",0,b6,0,0,0,0,46274.36583,46274.36583,TRUE,0.002199074,46274.36803,TRUE,1.233312607,0.020659722,"100246,WESTBURY PRIMARY: Westbury Rd, Bridgetown, Barbados","Kensington New Rd, Bridgetown, Barbados",0,0.020659722,63,236.4406595,236.4635183,0
C 3493,"Vehicle, Diesel, Daily Reports",0,b6,0,0,0,0,46274.38869,46274.38869,TRUE,0.012858796,46274.40155,TRUE,6.641977787,0.002372685,"Kensington New Rd, Bridgetown, Barbados","Hothersal Turning, Saint Michael Barbados",0,0.002372685,68,236.4635183,236.4787495,0
C 3493,"Vehicle, Diesel, Daily Reports",0,b6,0,0,0,0,46274.40392,46274.40392,TRUE,0.000844907,46274.40477,TRUE,0.035937835,0.018275463,"Hothersal Turning, Saint Michael Barbados","Hwy 3A, Jackmans, Barbados",0,0.018275463,12,236.4787495,236.496805,0
C 3493,"Vehicle, Diesel, Daily Reports",0,b6,0,0,0,0,46274.42304,46274.42304,TRUE,0.003449074,46274.42649,TRUE,3.623929024,0.016608796,"Hwy 3A, Jackmans, Barbados","Highway 5, Bridgetown, Barbados",0,0.016608796,100,236.496805,236.517928,0
C 3493,"Vehicle, Diesel, Daily Reports",0,b6,0,0,0,0,46274.4431,46274.4431,TRUE,0.005347222,46274.44845,TRUE,5.085574627,0.024108796,"Highway 5, Bridgetown, Barbados","115762,Marway Bar and Restaurant, 111202,SOL CHARLES ROWE BRIDGE: 4CJJ+27 Froster Hall, Barbados",Customer Zone,0.024108796,88,236.517928,236.547384,0
C 3493,"Vehicle, Diesel, Daily Reports",0,b6,0,0,0,0,46274.47256,46274.47256,TRUE,0.010960648,46274.48352,TRUE,12.69523335,0.003171296,"115762,Marway Bar and Restaurant, 111202,SOL CHARLES ROWE BRIDGE: 4CJJ+27 Froster Hall, Barbados","Highway 5, Six Cross Roads, Barbados",0,0.003171296,88,236.547384,236.5606361,0
C 3493,"Vehicle, Diesel, Daily Reports",0,b6,0,0,0,0,46274.48669,46274.48669,TRUE,0.003958333,46274.49065,TRUE,2.979056597,0.003900463,"Highway 5, Six Cross Roads, Barbados","116313,Wharton: Church Village, Barbados",Customer Zone,0.003900463,81,236.5606361,236.5693745,0
C 3493,"Vehicle, Diesel, Daily Reports",0,b6,0,0,0,0,46274.49455,46274.49455,TRUE,0.008784722,46274.50333,TRUE,6.995017052,0.010868056,"116313,Wharton: Church Village, Barbados","3FWW+838, Fair View, Barbados",0,0.010868056,81,236.5693745,236.5890273,0
C 3493,"Vehicle, Diesel, Daily Reports",0,b6,0,0,0,0,46274.5142,46274.5142,TRUE,0.00625,46274.52045,TRUE,3.669376373,0.005763889,"3FWW+838, Fair View, Barbados","117963,Rubis Coverley, 117291,MASSY STORES BARBADOS - COVERLY: Coconut Lane, The Villages at Coverly, Christ Church, Barbados",Customer Zone,0.005763889,87,236.5890273,236.6010414,0
C 3493,"Vehicle, Diesel, Daily Reports",0,b6,0,0,0,0,46274.52622,46274.52622,TRUE,0.004560185,46274.53078,TRUE,2.842152834,0.004965278,"117963,Rubis Coverley, 117291,MASSY STORES BARBADOS - COVERLY: Coconut Lane, The Villages at Coverly, Christ Church, Barbados","3GJ5+5G3, Charnocks, Christ Church Barbados",0,0.004965278,90,236.6010414,236.6105668,0
C 3493,"Vehicle, Diesel, Daily Reports",0,b6,0,0,0,0,46274.53574,46274.53574,TRUE,0.000810185,46274.53655,TRUE,0.070359401,0.012233796,"3GJ5+5G3, Charnocks, Christ Church Barbados","Tom Adams Hwy, Barbados",0,0.012233796,10,236.6105668,236.6236108,0
C 3493,"Vehicle, Diesel, Daily Reports",0,b6,0,0,0,0,46274.54878,46274.54878,TRUE,0.003831019,46274.55262,TRUE,2.947565079,0.016423611,"Tom Adams Hwy, Barbados","Pilgrim Road, Oistins, Barbados",0,0.016423611,77,236.6236108,236.6438654,0
C 3493,"Vehicle, Diesel, Daily Reports",0,b6,0,0,0,0,46274.56904,46274.56904,TRUE,0.01119213,46274.58023,TRUE,8.167532921,0.009282407,"Pilgrim Road, Oistins, Barbados","Inch Marlow, Barbados",0,0.009282407,65,236.6438654,236.66434,0
C 3493,"Vehicle, Diesel, Daily Reports",0,b6,0,0,0,0,46274.58951,46274.58951,TRUE,0.000729167,46274.59024,TRUE,0.081728168,0.029837963,"Inch Marlow, Barbados","Inch Marlow, Barbados",0,0.029837963,17,236.66434,236.6949071,0
C 3493,"Vehicle, Diesel, Daily Reports",0,b6,0,0,0,0,46274.62008,46274.62008,TRUE,0.006909722,46274.62699,TRUE,4.495084763,0.011840278,"Inch Marlow, Barbados","Oistins, Highway 7, Oistins, Barbados",0,0.011840278,65,236.6949071,236.7136571,0
C 3493,"Vehicle, Diesel, Daily Reports",0,b6,0,0,0,0,46274.63883,46274.63883,TRUE,0.001921296,46274.64075,TRUE,0.404367477,0.003576389,"Oistins, Highway 7, Oistins, Barbados","3F73+XQ4, Welches No.1 cul-de-sac, Oistins, Christ Church Barbados",0,0.003576389,53,236.7136571,236.7191548,0
C 3493,"Vehicle, Diesel, Daily Reports",0,b6,0,0,0,0,46274.64433,46274.64433,TRUE,0.004398148,46274.64873,TRUE,1.685977936,0.017222222,"3F73+XQ4, Welches No.1 cul-de-sac, Oistins, Christ Church Barbados","3FF6+HJ3, Oistins, Barbados",0,0.017222222,52,236.7191548,236.7407752,0
C 3493,"Vehicle, Diesel, Daily Reports",0,b6,0,0,0,0,46274.66595,46274.66595,TRUE,0.002314815,46274.66826,TRUE,0.741502464,0.011215278,"3FF6+HJ3, Oistins, Barbados","319 Kingsland Dr, Oistins, Christ Church Barbados",0,0.011215278,48,236.7407752,236.7543052,0
C 3493,"Vehicle, Diesel, Daily Reports",0,b6,0,0,0,0,46274.67948,46274.67948,TRUE,0.007372685,46274.68685,TRUE,4.34360075,0.024178241,"319 Kingsland Dr, Oistins, Christ Church Barbados","Sheraton Mall Village, Oistins, Barbados",0,0.024178241,81,236.7543052,236.7858562,0
C 3493,"Vehicle, Diesel, Daily Reports",0,b6,0,0,0,0,46274.71103,46274.71103,FALSE,0.021793981,46274.73282,FALSE,10.33847809,0.094109525,"Sheraton Mall Village, Oistins, Barbados","49PV+JC5, Barbados, SMJ Barbados Head Office: 1st Avenue Lowland Drive, Barbados","Customer Zone, Office Zone",0.000289352,98,236.7858562,236.8083335,0
C 3493,"Vehicle, Diesel, Daily Reports",0,b6,0,0,0,0,46274.82693,46274.82693,FALSE,0.000207604,46274.82714,FALSE,0.02209409,0.025151192,"49PV+JC5, Barbados, SMJ Barbados Head Office: 1st Avenue Lowland Drive, Barbados","49PV+JC5, Barbados, SMJ Barbados Head Office: 1st Avenue Lowland Drive, Barbados","Customer Zone, Office Zone",0.000219907,0,236.8083335,236.8083333,0
C 3493,"Vehicle, Diesel, Daily Reports",0,b6,0,0,0,0,46274.85229,46274.85229,FALSE,0.0005664,46274.85286,FALSE,0.021567842,0.000173611,"49PV+JC5, Barbados, SMJ Barbados Head Office: 1st Avenue Lowland Drive, Barbados","49PV+JC5, Barbados, SMJ Barbados Head Office: 1st Avenue Lowland Drive, Barbados","Customer Zone, Office Zone",1.15741E-05,2,236.8083333,236.8083333,0
C 3493,"Vehicle, Diesel, Daily Reports",0,b6,0,0,0,0,46274.85303,46274.85303,FALSE,1.15741E-05,46274.85304,FALSE,0.000138889,0.006401192,"49PV+JC5, Barbados, SMJ Barbados Head Office: 1st Avenue Lowland Drive, Barbados","49PV+JC5, Barbados, SMJ Barbados Head Office: 1st Avenue Lowland Drive, Barbados","Customer Zone, Office Zone",0.000509259,1,236.8083333,236.8088333,0
C 3493,"Vehicle, Diesel, Daily Reports",0,b6,0,0,0,0,46274.85945,46274.85945,FALSE,0.000577975,46274.86002,FALSE,0.01255147,0.04173684,"49PV+JC5, Barbados, SMJ Barbados Head Office: 1st Avenue Lowland Drive, Barbados","49PV+JC5, Barbados, SMJ Barbados Head Office: 1st Avenue Lowland Drive, Barbados","Customer Zone, Office Zone",0.000509259,2,236.8088333,236.8083333,0
C 3493,"Vehicle, Diesel, Daily Reports",0,b6,0,0,0,0,46274.90176,46274.90176,FALSE,0.001283993,46274.90304,FALSE,0.185124606,0.407338692,"49PV+JC5, Barbados, SMJ Barbados Head Office: 1st Avenue Lowland Drive, Barbados","49PV+JC5, Barbados, 117234,Hannah Moore: Highway 2, Barbados",Customer Zone,0.000173611,12,236.8083333,236.8125,0
C 3493,"Vehicle, Diesel, Daily Reports",0,b6,0,0,0,0,46275.31038,46275.31038,FALSE,0.001723808,46275.31211,FALSE,0.077809222,0.007917396,"49PV+JC5, Barbados, 117234,Hannah Moore: Highway 2, Barbados","49PV+JC5, Barbados, SMJ Barbados Head Office: 1st Avenue Lowland Drive, Barbados","Customer Zone, Office Zone",6.94444E-05,10,236.8125,236.8125,0
C 3493,"Vehicle, Diesel, Daily Reports",0,b6,0,0,0,0,46275.32002,46275.32002,FALSE,0.000577975,46275.3206,FALSE,0.042634744,0.005776192,"49PV+JC5, Barbados, SMJ Barbados Head Office: 1st Avenue Lowland Drive, Barbados","49PV+JC5, Barbados, SMJ Barbados Head Office: 1st Avenue Lowland Drive, Barbados","Customer Zone, Office Zone",0.001585648,7,236.8125,236.8166667,0
C 3493,"Vehicle, Diesel, Daily Reports",0,b6,0,0,0,0,46275.32638,46275.32638,FALSE,0.000786308,46275.32716,FALSE,0.018405698,0.018506944,"49PV+JC5, Barbados, SMJ Barbados Head Office: 1st Avenue Lowland Drive, Barbados","49PV+JC5, Barbados: 1st Avenue Lowland Drive, Barbados",Customer Zone,0.018506944,3,236.8166667,236.8348324,0
C 3493,"Vehicle, Diesel, Daily Reports",0,b6,0,0,0,0,46275.34567,46275.34567,TRUE,0.030381944,46275.37605,TRUE,9.660648346,0.003229167,"49PV+JC5, Barbados: 1st Avenue Lowland Drive, Barbados","3CX2+29W, Erdiston Rd, Bridgetown, Saint Michael Barbados",0,0.003229167,55,236.8348324,236.8688423,0
C 3493,"Vehicle, Diesel, Daily Reports",0,b6,0,0,0,0,46275.37928,46275.37928,TRUE,0.000497685,46275.37978,TRUE,0.082192607,0.009456019,"3CX2+29W, Erdiston Rd, Bridgetown, Saint Michael Barbados","3CX2+29W, Erdiston Rd, Bridgetown, Saint Michael Barbados",0,0.009456019,15,236.8688423,236.8795252,0
C 3493,"Vehicle, Diesel, Daily Reports",0,b6,0,0,0,0,46275.38924,46275.38924,TRUE,0.018981481,46275.40822,TRUE,5.30050087,0.011122685,"3CX2+29W, Erdiston Rd, Bridgetown, Saint Michael Barbados","Salters Warehouse Complex, Salters, Salters, Barbados",0,0.011122685,63,236.8795252,236.9096296,0
C 3493,"Vehicle, Diesel, Daily Reports",0,b6,0,0,0,0,46275.41934,46275.41934,TRUE,0.026759259,46275.4461,TRUE,17.97180367,0.011423611,"Salters Warehouse Complex, Salters, Salters, Barbados","117853,K.B'S BAR: 6CVQ+96 Windy Hill, Barbados",Customer Zone,0.011423611,72,236.9096296,236.9467934,0
C 3493,"Vehicle, Diesel, Daily Reports",0,b6,0,0,0,0,46275.45752,46275.45752,TRUE,0.000347222,46275.45787,TRUE,0.022897106,0.023877315,"117853,K.B'S BAR: 6CVQ+96 Windy Hill, Barbados","117853,K.B'S BAR: 6CVQ+96 Windy Hill, Barbados",Customer Zone,0.023877315,7,236.9467934,236.9720365,0
C 3493,"Vehicle, Diesel, Daily Reports",0,b6,0,0,0,0,46275.48175,46275.48175,TRUE,0.002164352,46275.48391,TRUE,0.511899233,0.004444444,"117853,K.B'S BAR: 6CVQ+96 Windy Hill, Barbados","Ermy Bourne Hwy, Windy Hill, Barbados",0,0.004444444,31,236.9720365,236.9786453,0
C 3493,"Vehicle, Diesel, Daily Reports",0,b6,0,0,0,0,46275.48836,46275.48836,TRUE,0.000138889,46275.4885,TRUE,0.003780484,0.012546296,"Ermy Bourne Hwy, Windy Hill, Barbados","6CWP+JFF, Ermy Bourne Hwy, Belleplaine, Barbados",0,0.012546296,4,236.9786453,236.9903703,0
C 3493,"Vehicle, Diesel, Daily Reports",0,b6,0,0,0,0,46275.50104,46275.50104,TRUE,0.000752315,46275.50179,TRUE,0.044215795,0.02125,"6CWP+JFF, Ermy Bourne Hwy, Belleplaine, Barbados","Ermy Bourne Hwy, Windy Hill, Barbados",0,0.02125,6,236.9903703,237.0133333,0
C 3493,"Vehicle, Diesel, Daily Reports",0,b6,0,0,0,0,46275.52304,46275.52304,TRUE,0.009212963,46275.53226,TRUE,8.847236633,0.013576389,"Ermy Bourne Hwy, Windy Hill, Barbados","Maynards/Retreat Rd, Mile and A Quarter, Barbados",0,0.013576389,90,237.0133333,237.0361227,0
C 3493,"Vehicle, Diesel, Daily Reports",0,b6,0,0,0,0,46275.54583,46275.54583,TRUE,0.004189815,46275.55002,TRUE,3.814181566,0.008020833,"Maynards/Retreat Rd, Mile and A Quarter, Barbados","Highway 1C, Benthams, Barbados",0,0.008020833,65,237.0361227,237.0483333,0
C 3493,"Vehicle, Diesel, Daily Reports",0,b6,0,0,0,0,46275.55804,46275.55804,TRUE,0.010590278,46275.56863,TRUE,7.086381435,0.003217593,"Highway 1C, Benthams, Barbados","Round The Town, Warleigh, Barbados",0,0.003217593,76,237.0483333,237.0621412,0
C 3493,"Vehicle, Diesel, Daily Reports",0,b6,0,0,0,0,46275.57185,46275.57185,TRUE,0.001041667,46275.57289,TRUE,0.022466267,0.005833333,"Round The Town, Warleigh, Barbados","Round The Town, Warleigh, Barbados",0,0.005833333,3,237.0621412,237.0690162,0
C 3493,"Vehicle, Diesel, Daily Reports",0,b6,0,0,0,0,46275.57873,46275.57873,TRUE,0.005347222,46275.58407,TRUE,1.637692332,0.032199074,"Round The Town, Warleigh, Barbados","Queen's St, Speightstown, Barbados",0,0.032199074,44,237.0690162,237.1065625,0
C 3493,"Vehicle, Diesel, Daily Reports",0,b6,0,0,0,0,46275.61627,46275.61627,TRUE,0.005208333,46275.62148,TRUE,2.587456703,0.021863426,"Queen's St, Speightstown, Barbados","Mullins Terrace, Mullins, Barbados",0,0.021863426,57,237.1065625,237.1336339,0
C 3493,"Vehicle, Diesel, Daily Reports",0,b6,0,0,0,0,46275.64334,46275.64334,TRUE,0.007974537,46275.65132,TRUE,5.109582901,0.003553241,"Mullins Terrace, Mullins, Barbados","116044,Rubis road veiw: Mullins Terrace, Mullins, Barbados",Customer Zone,0.003553241,66,237.1336339,237.1451617,0
C 3493,"Vehicle, Diesel, Daily Reports",0,b6,0,0,0,0,46275.65487,46275.65487,TRUE,0.00724537,46275.66212,TRUE,5.89306879,0.003356481,"116044,Rubis road veiw: Mullins Terrace, Mullins, Barbados","Sunset Crest Service Station, Holetown, Barbados",0,0.003356481,77,237.1451617,237.1557636,0
C 3493,"Vehicle, Diesel, Daily Reports",0,b6,0,0,0,0,46275.66547,46275.66547,TRUE,0.00462963,46275.6701,TRUE,2.790884733,0.00337963,"Sunset Crest Service Station, Holetown, Barbados","5977+27J, Highway 1, BB24009, Barbados",0,0.00337963,61,237.1557636,237.1637729,0
C 3493,"Vehicle, Diesel, Daily Reports",0,b6,0,0,0,0,46275.67348,46275.67348,TRUE,0.014988426,46275.68847,TRUE,7.736302853,0.209560903,"5977+27J, Highway 1, BB24009, Barbados","49PV+JC5, Barbados, SMJ Barbados Head Office: 1st Avenue Lowland Drive, Barbados","Customer Zone, Office Zone",0.000138889,68,237.1637729,237.1791667,0
C 3493,"Vehicle, Diesel, Daily Reports",0,b6,0,0,0,0,46275.89803,46275.89803,FALSE,0.000751586,46275.89878,FALSE,0.044665065,0.02829934,"49PV+JC5, Barbados, SMJ Barbados Head Office: 1st Avenue Lowland Drive, Barbados","49PV+JC5, Barbados: 1st Avenue Lowland Drive, Barbados",Customer Zone,1.15741E-05,6,237.1791667,237.1791667,0
C 3493,"Vehicle, Diesel, Daily Reports",0,b6,0,0,0,0,46275.92708,46275.92708,FALSE,0.000774734,46275.92786,FALSE,0.078605451,0.000231481,"49PV+JC5, Barbados: 1st Avenue Lowland Drive, Barbados","49PV+JC5, Barbados: Highway 2, Barbados",Customer Zone,9.25926E-05,8,237.1791667,237.1791667,0
C 3493,"Vehicle, Diesel, Daily Reports",0,b6,0,0,0,0,46275.92809,46275.92809,FALSE,1.15741E-05,46275.9281,FALSE,0.000138889,0.371550926,"49PV+JC5, Barbados: Highway 2, Barbados","49PV+JC5, Barbados, 117234,Hannah Moore: Highway 2, Barbados",Customer Zone,0.000428241,1,237.1791667,237.1795987,0
C 3493,"Vehicle, Diesel, Daily Reports",0,b6,0,0,0,0,46276.29965,46276.29965,FALSE,0.001423611,46276.30108,FALSE,0.191725984,0.068368056,"49PV+JC5, Barbados, 117234,Hannah Moore: Highway 2, Barbados","49PV+JC5, Barbados, SMJ Barbados Head Office: 1st Avenue Lowland Drive, Barbados","Customer Zone, Office Zone",0.000648148,20,237.1795987,237.1794097,0
C 3493,"Vehicle, Diesel, Daily Reports",0,b6,0,0,0,0,46276.36944,46276.36944,TRUE,0.007199074,46276.37664,TRUE,1.045112729,0.001505359,"49PV+JC5, Barbados, SMJ Barbados Head Office: 1st Avenue Lowland Drive, Barbados","49RQ+XR9, Saint Michael Barbados",0,0.001157407,53,237.1794097,237.1916667,0
C 3493,"Vehicle, Diesel, Daily Reports",0,b6,0,0,0,0,46276.37815,46276.37815,TRUE,0.001202975,46276.37935,TRUE,0.154014975,0.004583333,"49RQ+XR9, Saint Michael Barbados","CGI Tower, Barbados",0,0.004583333,14,237.1916667,237.1974429,0
C 3493,"Vehicle, Diesel, Daily Reports",0,b6,0,0,0,0,46276.38394,46276.38394,TRUE,0.003414352,46276.38735,TRUE,2.039559126,0.005428241,"CGI Tower, Barbados","595M+9J5, Durants, Saint James Barbados",0,0.005428241,63,237.1974429,237.2062855,0
C 3493,"Vehicle, Diesel, Daily Reports",0,b6,0,0,0,0,46276.39278,46276.39278,TRUE,0.001412037,46276.39419,TRUE,0.018615812,0.03150463,"595M+9J5, Durants, Saint James Barbados","595M+9J5, Durants, Saint James Barbados",0,0.03150463,5,237.2062855,237.2342129,0
C 3493,"Vehicle, Diesel, Daily Reports",0,b6,0,0,0,0,46276.42569,46276.42569,TRUE,0.003159722,46276.42885,TRUE,1.876441956,0.003472222,"595M+9J5, Durants, Saint James Barbados","Thorpes, Barbados",0,0.003472222,46,237.2342129,237.2416782,0
C 3493,"Vehicle, Diesel, Daily Reports",0,b6,0,0,0,0,46276.43233,46276.43233,TRUE,0.006840278,46276.43917,TRUE,4.722607136,0.044594907,"Thorpes, Barbados","Sunset Crest Service Station, Holetown, Barbados",0,0.044594907,59,237.2416782,237.2922106,0
C 3493,"Vehicle, Diesel, Daily Reports",0,b6,0,0,0,0,46276.48376,46276.48376,TRUE,0.001087963,46276.48485,TRUE,0.031441547,0.003344907,"Sunset Crest Service Station, Holetown, Barbados","59P7+653, Holetown, Saint James Barbados",0,0.003344907,11,237.2922106,237.2975463,0
C 3493,"Vehicle, Diesel, Daily Reports",0,b6,0,0,0,0,46276.48819,46276.48819,TRUE,0.015925926,46276.50412,TRUE,10.35327816,0.014861111,"59P7+653, Holetown, Saint James Barbados","49PV+JC5, Barbados: 1st Avenue Lowland Drive, Barbados",Customer Zone,0.014861111,72,237.2975463,237.3283331,0
C 3493,"Vehicle, Diesel, Daily Reports",0,b6,0,0,0,0,46276.51898,46276.51898,TRUE,0.010752315,46276.52973,TRUE,4.494996071,0.002418981,"49PV+JC5, Barbados: 1st Avenue Lowland Drive, Barbados","117286,Esso Black Rock - Kairre Maycock& Co. Ltd: Highway 1, Prospect, Barbados",Customer Zone,0.002418981,55,237.3283331,237.3415044,0
C 3493,"Vehicle, Diesel, Daily Reports",0,b6,0,0,0,0,46276.53215,46276.53215,TRUE,0.000277778,46276.53243,TRUE,0.024154838,0.053958333,"117286,Esso Black Rock - Kairre Maycock& Co. Ltd: Highway 1, Prospect, Barbados","Highway 1, Prospect, Barbados",0,0.05162037,5,237.3415044,237.3957407,0
C 3493,"Vehicle, Diesel, Daily Reports",0,b6,0,0,0,0,46276.58639,46276.58639,TRUE,0.025671296,46276.61206,TRUE,13.81151104,0.003275463,"Highway 1, Prospect, Barbados","49GF+HG2, Black Rock Main Rd, Bridgetown, Saint Michael Barbados",0,0.003275463,77,237.3957407,237.4237963,0
C 3493,"Vehicle, Diesel, Daily Reports",0,b6,0,0,0,0,46276.61534,46276.61534,TRUE,0.003078704,46276.61841,TRUE,1.085213184,0.006770833,"49GF+HG2, Black Rock Main Rd, Bridgetown, Saint Michael Barbados","Goddard Road, St. Stephen's Hill, Black Rock, St Stephens Hill, Bridgetown, Barbados",0,0.006770833,48,237.4237963,237.4335417,0
C 3493,"Vehicle, Diesel, Daily Reports",0,b6,0,0,0,0,46276.62519,46276.62519,TRUE,0.011388889,46276.63657,TRUE,4.381245136,0.003229167,"Goddard Road, St. Stephen's Hill, Black Rock, St Stephens Hill, Bridgetown, Barbados","494J+C5H, Westbury Rd, Bridgetown, Saint Michael Barbados",0,0.003229167,88,237.4335417,237.4482172,0
C 3493,"Vehicle, Diesel, Daily Reports",0,b6,0,0,0,0,46276.6398,46276.6398,TRUE,0.004710648,46276.64451,TRUE,1.244429946,0.004131944,"494J+C5H, Westbury Rd, Bridgetown, Saint Michael Barbados","493M+HXH, Kings Village Street, Bridgetown, Barbados",0,0.004131944,50,237.4482172,237.4579973,0
C 3493,"Vehicle, Diesel, Daily Reports",0,b6,0,0,0,0,46276.64865,46276.64865,TRUE,0.005925926,46276.65457,TRUE,1.97336328,0.005196759,"493M+HXH, Kings Village Street, Bridgetown, Barbados","492J+GPV, Masonhall St, Bridgetown, Saint Michael Barbados",0,0.005196759,48,237.4579973,237.4681131,0
C 3493,"Vehicle, Diesel, Daily Reports",0,b6,0,0,0,0,46276.65977,46276.65977,TRUE,0.037916667,46276.69769,TRUE,14.20401287,0.005358796,"492J+GPV, Masonhall St, Bridgetown, Saint Michael Barbados","Oistins, Highway 7, Oistins, Barbados",0,0.005358796,87,237.4681131,237.5123958,0
C 3493,"Vehicle, Diesel, Daily Reports",0,b6,0,0,0,0,46276.70304,46276.70304,TRUE,0.009236111,46276.71228,FALSE,5.975092888,0.020266204,"Oistins, Highway 7, Oistins, Barbados","3CRC+23X, Bridgetown, Barbados",0,0.020266204,85,237.5123958,237.5418976,0
C 3493,"Vehicle, Diesel, Daily Reports",0,b6,0,0,0,0,46276.73255,46276.73255,FALSE,0.000266204,46276.73281,FALSE,0.005357755,0.012337963,"3CRC+23X, Bridgetown, Barbados","3CRC+23X, Bridgetown, Barbados",0,0.012337963,3,237.5418976,237.5545017,0
C 3493,"Vehicle, Diesel, Daily Reports",0,b6,0,0,0,0,46276.74515,46276.74515,FALSE,0.009050926,46276.7542,FALSE,8.275390625,0.023704433,"3CRC+23X, Bridgetown, Barbados","49PV+JC5, Barbados: 1st Avenue Lowland Drive, Barbados",Customer Zone,0.000324074,96,237.5545017,237.5666667,0
C 3493,"Vehicle, Diesel, Daily Reports",0,b6,0,0,0,0,46276.77791,46276.77791,FALSE,0.0015039,46276.77941,FALSE,0.234484166,0.789052384,"49PV+JC5, Barbados: 1st Avenue Lowland Drive, Barbados","49PV+JC5, Barbados, 117234,Hannah Moore: Highway 2, Barbados",Customer Zone,0.000115741,22,237.5666667,237.5666667,0
